"Population","","Allele: frequency (count)","Genotype: frequency (count)","Genotypes"
"ALL;1000GENOMES:phase_3:ALL","","T: 0.995 (3758) C: 0.005 (17) ","T|T: 0.502 (1256) C: 0.001 (2) C|T: 0.006 (15) T: 0.492 (1231) ",""
"AFR;1000GENOMES:phase_3:AFR","","T: 1.000 (1003) ","T|T: 0.517 (342) T: 0.483 (319) ",""
"  ACB;1000GENOMES:phase_3:ACB","","T: 1.000 (145) ","T|T: 0.510 (49) T: 0.490 (47) ",""
"  ASW;1000GENOMES:phase_3:ASW","","T: 1.000 (96) ","T|T: 0.574 (35) T: 0.426 (26) ",""
"  ESN;1000GENOMES:phase_3:ESN","","T: 1.000 (145) ","T|T: 0.465 (46) T: 0.535 (53) ",""
"  GWD;1000GENOMES:phase_3:GWD","","T: 1.000 (171) ","T|T: 0.513 (58) T: 0.487 (55) ",""
"  LWK;1000GENOMES:phase_3:LWK","","T: 1.000 (154) ","T|T: 0.556 (55) T: 0.444 (44) ",""
"  MSL;1000GENOMES:phase_3:MSL","","T: 1.000 (128) ","T|T: 0.506 (43) T: 0.494 (42) ",""
"  YRI;1000GENOMES:phase_3:YRI","","T: 1.000 (164) ","T|T: 0.519 (56) T: 0.481 (52) ",""
"AMR;1000GENOMES:phase_3:AMR","","T: 0.996 (522) C: 0.004 (2) ","T|T: 0.504 (175) C|T: 0.006 (2) T: 0.490 (170) ",""
"  CLM;1000GENOMES:phase_3:CLM","","T: 0.993 (144) C: 0.007 (1) ","T|T: 0.532 (50) C|T: 0.011 (1) T: 0.457 (43) ",""
"  MXL;1000GENOMES:phase_3:MXL","","T: 1.000 (96) ","T|T: 0.500 (32) T: 0.500 (32) ",""
"  PEL;1000GENOMES:phase_3:PEL","","T: 1.000 (129) ","T|T: 0.518 (44) T: 0.482 (41) ",""
"  PUR;1000GENOMES:phase_3:PUR","","T: 0.994 (153) C: 0.006 (1) ","T|T: 0.471 (49) C|T: 0.010 (1) T: 0.519 (54) ",""
"EAS;1000GENOMES:phase_3:EAS","","T: 1.000 (764) ","T|T: 0.516 (260) T: 0.484 (244) ",""
"  CDX;1000GENOMES:phase_3:CDX","","T: 1.000 (142) ","T|T: 0.527 (49) T: 0.473 (44) ",""
"  CHB;1000GENOMES:phase_3:CHB","","T: 1.000 (160) ","T|T: 0.553 (57) T: 0.447 (46) ",""
"  CHS;1000GENOMES:phase_3:CHS","","T: 1.000 (158) ","T|T: 0.505 (53) T: 0.495 (52) ",""
"  JPT;1000GENOMES:phase_3:JPT","","T: 1.000 (152) ","T|T: 0.462 (48) T: 0.538 (56) ",""
"  KHV;1000GENOMES:phase_3:KHV","","T: 1.000 (152) ","T|T: 0.535 (53) T: 0.465 (46) ",""
"EUR;1000GENOMES:phase_3:EUR","","T: 0.982 (752) C: 0.018 (14) ","T|T: 0.499 (251) C: 0.004 (2) C|T: 0.024 (12) T: 0.473 (238) ",""
"  CEU;1000GENOMES:phase_3:CEU","","T: 0.980 (146) C: 0.020 (3) ","T|T: 0.475 (47) C|T: 0.030 (3) T: 0.495 (49) ",""
"  FIN;1000GENOMES:phase_3:FIN","","T: 0.994 (159) C: 0.006 (1) ","T|T: 0.606 (60) C|T: 0.010 (1) T: 0.384 (38) ",""
"  GBR;1000GENOMES:phase_3:GBR","","T: 0.971 (132) C: 0.029 (4) ","T|T: 0.451 (41) C|T: 0.044 (4) T: 0.505 (46) ",""
"  IBS;1000GENOMES:phase_3:IBS","","T: 0.975 (156) C: 0.025 (4) ","T|T: 0.467 (50) C: 0.009 (1) C|T: 0.028 (3) T: 0.495 (53) ",""
"  TSI;1000GENOMES:phase_3:TSI","","T: 0.988 (159) C: 0.012 (2) ","T|T: 0.495 (53) C: 0.009 (1) C|T: 0.009 (1) T: 0.486 (52) ",""
"SAS;1000GENOMES:phase_3:SAS","","T: 0.999 (717) C: 0.001 (1) ","T|T: 0.466 (228) C|T: 0.002 (1) T: 0.532 (260) ",""
"  BEB;1000GENOMES:phase_3:BEB","","T: 1.000 (130) ","T|T: 0.512 (44) T: 0.488 (42) ",""
"  GIH;1000GENOMES:phase_3:GIH","","T: 1.000 (150) ","T|T: 0.456 (47) T: 0.544 (56) ",""
"  ITU;1000GENOMES:phase_3:ITU","","T: 1.000 (145) ","T|T: 0.422 (43) T: 0.578 (59) ",""
"  PJL;1000GENOMES:phase_3:PJL","","T: 1.000 (144) ","T|T: 0.500 (48) T: 0.500 (48) ",""
"  STU;1000GENOMES:phase_3:STU","","T: 0.993 (148) C: 0.007 (1) ","T|T: 0.451 (46) C|T: 0.010 (1) T: 0.539 (55) ",""
